event_name,event_timestamp,user_pseudo_id,unique_session_id,data.path,event_properties.id,event_properties.title,event_properties.link,event_properties.text
event_pushopen,1710892814902000,4bc6e579-cbcf-4eeb-9acf-871de6a9589f,4bc6e579-cbcf-4eeb-9acf-871de6a9589f_1710892813626,/,ffb24711-bdf5-4de4-b2d2-7066a0b7c391,ğŸ¤” Unlock Your Mind!,humanify://deeplink/stories/question,New Question Alert! ğŸš¨
event_pushopen,1710894130017000,d67c949b-e509-4865-bcfd-819353eb1cae,d67c949b-e509-4865-bcfd-819353eb1cae_1710894128952,/,86882186-a364-4701-820d-2b883a510daf,ğŸ’Œ Peek Inside!,humanify://deeplink/stories/daily_tip,Your Daily Tip is Waiting! ğŸŒŸ
event_pushopen,1710893389845000,4c48ab35-dad8-4fe4-8bf0-e9e80cc2b2a3,4c48ab35-dad8-4fe4-8bf0-e9e80cc2b2a3_1710893388440,/,ffb24711-bdf5-4de4-b2d2-7066a0b7c391,ğŸ¤” Unlock Your Mind!,humanify://deeplink/stories/question,New Question Alert! ğŸš¨
event_pushopen,1710893357523000,cf1a3b7c-c2d3-4fba-9ca7-f199082b5c1f,cf1a3b7c-c2d3-4fba-9ca7-f199082b5c1f_1710893357482,/,a11de586-71dd-419b-b6d1-8ddf7a7f1c4f,Your bodygraph â­ï¸,humanify://deeplink/bodygraph,"It will show your key characteristics, qualities and personal energy"
event_pushopen,1710893721965000,d7da3762-12f5-4a08-a710-22bba61eb155,d7da3762-12f5-4a08-a710-22bba61eb155_1710893720354,/,f90a1061-fbc6-4f7c-837d-c9c2dd9e8273,New transitsğŸª,humanify://deeplink/transits,Find out what awaits you today
event_pushopen,1710896753408000,241e112a-d9b2-4eb9-b681-27f7852fe58e,241e112a-d9b2-4eb9-b681-27f7852fe58e_1710896750832,/,d880b206-7b63-4468-994e-0b3b3864cace,ğŸŒš Planetary Transits Change!,humanify://home/tabs/main/transits,These planets change their gates now: Moon
event_pushopen,1709395222646000,001caa52-6f22-4c97-acbe-5d3eb1922080,001caa52-6f22-4c97-acbe-5d3eb1922080_1709395220779,/,62ee13d4-b103-4166-9771-4ac1b0f35759,ğŸ’Œ Peek Inside!,humanify://deeplink/stories/daily_tip,Your Daily Tip is Waiting! ğŸŒŸ
event_pushopen,1710899311967000,7d098ea4-1aa6-44c1-a24e-6436caa2c578,7d098ea4-1aa6-44c1-a24e-6436caa2c578_1710899311205,/,eee16e65-44e2-43e3-9dab-c5a8ef1bdc43,New transitsğŸª,humanify://deeplink/transits,Find out what awaits you today
event_pushopen,1710929012441000,bd88cd5d-17e7-4e66-9645-7cffcdbcce7e,bd88cd5d-17e7-4e66-9645-7cffcdbcce7e_1710929012075,/,aa97d889-e120-4d13-a478-b9c4c1552dcc,ğŸ’Œ Peek Inside!,humanify://deeplink/stories/daily_tip,Your Daily Tip is Waiting! ğŸŒŸ
event_pushopen,1710928849402000,d4e7f1e6-37f6-427e-b8c2-d5e17ad25428,d4e7f1e6-37f6-427e-b8c2-d5e17ad25428_1710928847432,/,53ee47ef-6390-48ef-9856-6238852efa2d,ğŸ’Œ Peek Inside!,humanify://deeplink/stories/daily_tip,Your Daily Tip is Waiting! ğŸŒŸ
event_pushopen,1710929819498000,e0ab2ca1-2c93-4bc7-b0cd-3af9f89e7ef4,e0ab2ca1-2c93-4bc7-b0cd-3af9f89e7ef4_1710929818337,/,53ee47ef-6390-48ef-9856-6238852efa2d,ğŸ’Œ Peek Inside!,humanify://deeplink/stories/daily_tip,Your Daily Tip is Waiting! ğŸŒŸ
event_pushopen,1710930166427000,654be444-6cbc-4d58-b227-225b27db2996,654be444-6cbc-4d58-b227-225b27db2996_1710930166310,/,4ff66482-5bdc-45c5-80e9-8ea328c245b0,ğŸŒš Planetary Transits Change!,humanify://home/tabs/main/transits,These planets change their gates now: Moon
event_pushopen,1710929287463000,274cbe2e-7add-4f98-a948-6008d72e1812,274cbe2e-7add-4f98-a948-6008d72e1812_1710929285594,/,9a09f183-96bf-48fa-90ec-dd2d3775357b,ğŸ’Œ Peek Inside!,humanify://deeplink/stories/daily_tip,Your Daily Tip is Waiting! ğŸŒŸ
event_pushopen,1710928811571000,0546d5f4-088c-4d07-8104-0eb7e3fee0a6,0546d5f4-088c-4d07-8104-0eb7e3fee0a6_1710928810415,/,9a09f183-96bf-48fa-90ec-dd2d3775357b,ğŸ’Œ Peek Inside!,humanify://deeplink/stories/daily_tip,Your Daily Tip is Waiting! ğŸŒŸ
event_pushopen,1710928815683000,59a27ced-36e0-4267-8599-4cc4850ab307,59a27ced-36e0-4267-8599-4cc4850ab307_1710928814078,/,9a09f183-96bf-48fa-90ec-dd2d3775357b,ğŸ’Œ Â¡Echa un vistazo!,humanify://deeplink/stories/daily_tip,Â¡Tu consejo diario te espera! ğŸŒŸ
event_pushopen,1710929830184000,ef7ad985-d132-43e3-873e-5443d8ac1c9e,ef7ad985-d132-43e3-873e-5443d8ac1c9e_1710929828154,/,4c861e16-20ad-406f-a6f2-04757f40e8b5,New transitsğŸª,humanify://deeplink/transits,Find out what awaits you today
event_pushopen,1710932749555000,3c855c81-a8f6-4c43-a6c1-4b6267f071e7,3c855c81-a8f6-4c43-a6c1-4b6267f071e7_1710932747626,/,c57c82b4-e37f-4127-9934-3d12feafa01c,ğŸŒˆ Boost Your Day!,humanify://deeplink/stories/affirmation,Your Daily Affirmation is Here! ğŸ™Œ
event_pushopen,1710934312264000,06608406-9990-4380-bd33-44c881dfd165,06608406-9990-4380-bd33-44c881dfd165_1710934310698,/,0ada2c2f-25b9-49f6-b4ef-b557995b9009,New transitsğŸª,humanify://deeplink/transits,Find out what awaits you today
event_pushopen,1710932415221000,acabe607-34e0-45ce-9ebc-3e0792325d19,acabe607-34e0-45ce-9ebc-3e0792325d19_1710932413418,/,72fb934c-728f-475a-9935-08febae07258,ğŸŒˆ Boost Your Day!,humanify://deeplink/stories/affirmation,Your Daily Affirmation is Here! ğŸ™Œ
event_pushopen,1710932410497000,daef8c28-7eca-459e-a4e8-30824742d67d,daef8c28-7eca-459e-a4e8-30824742d67d_1710932410373,/,9b985141-6c90-4819-8076-3b97474f9bd0,ğŸŒˆ Boost Your Day!,humanify://deeplink/stories/affirmation,Your Daily Affirmation is Here! ğŸ™Œ
event_pushopen,1710932586117000,e80c0d1a-7a1a-4390-86b8-c9389a62ffbc,e80c0d1a-7a1a-4390-86b8-c9389a62ffbc_1710932584908,/,53ee47ef-6390-48ef-9856-6238852efa2d,ğŸ’Œ Peek Inside!,humanify://deeplink/stories/daily_tip,Your Daily Tip is Waiting! ğŸŒŸ
event_pushopen,1710932418635000,ab521bab-fcd6-4482-b170-0ee8382156f7,ab521bab-fcd6-4482-b170-0ee8382156f7_1710932416827,/,aa97d889-e120-4d13-a478-b9c4c1552dcc,ğŸ’Œ Peek Inside!,humanify://deeplink/stories/daily_tip,Your Daily Tip is Waiting! ğŸŒŸ
event_pushopen,1710934231350000,55ee4065-f7bd-4008-883f-cdc63ae38cd8,55ee4065-f7bd-4008-883f-cdc63ae38cd8_1710934227112,/,6c39ba2b-1711-4ce5-9136-bf55cbcf87a0,ğŸ¤” Unlock Your Mind!,humanify://deeplink/stories/question,New Question Alert! ğŸš¨
event_pushopen,1710932947539000,dd4117ad-cd20-4e1f-9835-c38ffb58ce04,dd4117ad-cd20-4e1f-9835-c38ffb58ce04_1710932947340,/,44f9c827-1fca-490f-b868-c3a4150dae6b,ğŸŒš Planetary Transits Change!,humanify://home/tabs/main/transits,These planets change their gates now: Moon
event_pushopen,1710936067446000,6b6eaed1-383e-4fa8-a14e-8ef9f7cb43b6,6b6eaed1-383e-4fa8-a14e-8ef9f7cb43b6_1710936065744,/,72fb934c-728f-475a-9935-08febae07258,ğŸŒˆ Boost Your Day!,humanify://deeplink/stories/affirmation,Your Daily Affirmation is Here! ğŸ™Œ
event_pushopen,1710748810527000,784c3535-878a-4d09-8afd-dc8290ddf78c,784c3535-878a-4d09-8afd-dc8290ddf78c_1710748808516,/,8e3042e8-7ee3-4161-be37-7878d5d3e576,ğŸŒš Planetary Transits Change!,humanify://home/tabs/main/transits,"These planets change their gates now: Sun, Earth, Moon, Mercury"
event_pushopen,1710936033781000,784c3535-878a-4d09-8afd-dc8290ddf78c,784c3535-878a-4d09-8afd-dc8290ddf78c_1710936031983,/,72fb934c-728f-475a-9935-08febae07258,ğŸŒˆ Boost Your Day!,humanify://deeplink/stories/affirmation,Your Daily Affirmation is Here! ğŸ™Œ
event_pushopen,1710937671896000,8ea24823-f1ef-480f-80b5-b9bc4563e229,8ea24823-f1ef-480f-80b5-b9bc4563e229_1710937670961,/,e0dbb3dd-abf3-4ced-ad84-43da51188053,New transitsğŸª,humanify://deeplink/transits,Find out what awaits you today
event_pushopen,1710936008067000,6fda53a9-385c-4704-9737-3cb575ec4c2c,6fda53a9-385c-4704-9737-3cb575ec4c2c_1710936007920,/,72fb934c-728f-475a-9935-08febae07258,ğŸŒˆ Boost Your Day!,humanify://deeplink/stories/affirmation,Your Daily Affirmation is Here! ğŸ™Œ
event_pushopen,1710936010204000,60fec14b-262a-4f5f-8cf3-51a8d8e07f87,60fec14b-262a-4f5f-8cf3-51a8d8e07f87_1710936008865,/,c57c82b4-e37f-4127-9934-3d12feafa01c,ğŸŒˆ Boost Your Day!,humanify://deeplink/stories/affirmation,Your Daily Affirmation is Here! ğŸ™Œ
event_pushopen,1710583624148000,6465e22a-3029-4cb5-b64e-6b403c9071c3,6465e22a-3029-4cb5-b64e-6b403c9071c3_1710583622867,/,71e94748-a8e4-4197-8418-13be5df596db,ğŸ’Œ Peek Inside!,humanify://deeplink/stories/daily_tip,Your Daily Tip is Waiting! ğŸŒŸ
event_pushopen,1710598224413000,6465e22a-3029-4cb5-b64e-6b403c9071c3,6465e22a-3029-4cb5-b64e-6b403c9071c3_1710598223134,/,54aaffc9-770d-4546-9162-89cf225f6cb4,ğŸ¤¯ Mind-Blowing Fact Alert!,humanify://deeplink/stories/fact,Slow Down & Absorb! ğŸ“š
event_pushopen,1710936014797000,6465e22a-3029-4cb5-b64e-6b403c9071c3,6465e22a-3029-4cb5-b64e-6b403c9071c3_1710936013217,/,c57c82b4-e37f-4127-9934-3d12feafa01c,ğŸŒˆ Boost Your Day!,humanify://deeplink/stories/affirmation,Your Daily Affirmation is Here! ğŸ™Œ
event_pushopen,1710938431443000,e0ab2ca1-2c93-4bc7-b0cd-3af9f89e7ef4,e0ab2ca1-2c93-4bc7-b0cd-3af9f89e7ef4_1710938430170,/,9b985141-6c90-4819-8076-3b97474f9bd0,ğŸŒˆ Boost Your Day!,humanify://deeplink/stories/affirmation,Your Daily Affirmation is Here! ğŸ™Œ
event_pushopen,1710938687954000,620b972d-6c49-4f09-9398-b17e29d2f801,620b972d-6c49-4f09-9398-b17e29d2f801_1710938686037,/,4ff66482-5bdc-45c5-80e9-8ea328c245b0,ğŸŒš Cambios en los trÃ¡nsitos planetarios,humanify://home/tabs/main/transits,Estos planetas estÃ¡n cambiando sus puertas ahora: Luna
event_pushopen,1710938939155000,b363982c-e9b1-4c3e-bb90-a585b166976a,b363982c-e9b1-4c3e-bb90-a585b166976a_1710938935987,/,cd796488-658d-4780-89e0-8b224f6f3074,ğŸ¤” Unlock Your Mind!,humanify://deeplink/stories/question,New Question Alert! ğŸš¨
event_pushopen,1710936120564000,437b2378-6434-4e96-a1c1-a0be0330b96a,437b2378-6434-4e96-a1c1-a0be0330b96a_1710936118860,/,35b72fdc-c493-4ec1-af73-b0a0a9060b36,ğŸŒš Planetary Transits Change!,humanify://home/tabs/main/transits,These planets change their gates now: Moon
event_pushopen,1710936389619000,a6049fda-8e0c-4883-bb13-33090c66a6a3,a6049fda-8e0c-4883-bb13-33090c66a6a3_1710936389519,/,e82934da-ae45-4cbb-bc65-2285e2be6b14,Welcome to Humanify âœ¨,humanify://deeplink/home,"Explore your bodygraph, partner compatibility and learn about transits"
event_pushopen,1710940984903000,e9e51a62-0df6-40ab-9e6d-240499eeebe8,e9e51a62-0df6-40ab-9e6d-240499eeebe8_1710940984178,/,d6716eec-4685-491c-bedb-35555ab73965,ğŸŒš Planetary Transits Change!,humanify://home/tabs/main/transits,These planets change their gates now: Moon
event_pushopen,1710939655502000,74467b22-bde4-4669-9bc3-05cbfd698de6,74467b22-bde4-4669-9bc3-05cbfd698de6_1710939369488,/,02e0df6a-574d-446d-8cb3-b4d340d0bb46,ğŸŒš Planetary Transits Change!,humanify://home/tabs/main/transits,These planets change their gates now: Moon
event_pushopen,1710940734113000,f21eba18-4c01-4efa-a4ae-86e2bc3a890b,f21eba18-4c01-4efa-a4ae-86e2bc3a890b_1710940732744,/,cb5cac5d-4a5a-4dd6-9fc4-e1c2e2f4538b,ğŸŒš Planetary Transits Change!,humanify://home/tabs/main/transits,These planets change their gates now: Moon
event_pushopen,1710939613353000,69780c30-8732-48b5-b2d3-db9aeb627d93,69780c30-8732-48b5-b2d3-db9aeb627d93_1710939612627,/,4ff66482-5bdc-45c5-80e9-8ea328c245b0,ğŸŒš Planetary Transits Change!,humanify://home/tabs/main/transits,These planets change their gates now: Moon
event_pushopen,1710939892438000,e758cc20-22aa-464f-8c8d-c5f57392e87f,e758cc20-22aa-464f-8c8d-c5f57392e87f_1710939891620,/,d6716eec-4685-491c-bedb-35555ab73965,ğŸŒš Planetary Transits Change!,humanify://home/tabs/main/transits,These planets change their gates now: Moon
event_pushopen,1710940252200000,810d42be-967d-4587-a9af-45511d98b598,810d42be-967d-4587-a9af-45511d98b598_1710940251476,/,ca1ff8f5-74d2-472b-8399-54a92710b03e,ğŸŒš Planetary Transits Change!,humanify://home/tabs/main/transits,These planets change their gates now: Moon
event_pushopen,1710939651589000,d8217cdd-0a9a-45a2-b786-620e1c9b9e01,d8217cdd-0a9a-45a2-b786-620e1c9b9e01_1710939650155,/,44f9c827-1fca-490f-b868-c3a4150dae6b,ğŸŒš Planetary Transits Change!,humanify://home/tabs/main/transits,These planets change their gates now: Moon
event_pushopen,1710939615337000,ffe5461e-e6cc-4474-b3e5-507694475753,ffe5461e-e6cc-4474-b3e5-507694475753_1710939613694,/,0bbe4d57-56b7-42a5-81c9-c6fcab9dd848,ğŸ¤¯ Mind-Blowing Fact Alert!,humanify://deeplink/stories/fact,Slow Down & Absorb! ğŸ“š
event_pushopen,1710939614406000,88d69e25-5a2a-43e8-a568-1377b8ef18a3,88d69e25-5a2a-43e8-a568-1377b8ef18a3_1710939613296,/,ca1ff8f5-74d2-472b-8399-54a92710b03e,ğŸŒš Planetary Transits Change!,humanify://home/tabs/main/transits,These planets change their gates now: Moon
event_pushopen,1710939613359000,5bf79d3f-54fd-4caa-99b5-4d23ad4d56d4,5bf79d3f-54fd-4caa-99b5-4d23ad4d56d4_1710939612781,/,e8611ff8-befc-4bda-814a-ea450d877bed,ğŸŒš Planetary Transits Change!,humanify://home/tabs/main/transits,These planets change their gates now: Moon
event_pushopen,1710939614659000,023c3190-189d-4690-9dae-7b889c6c9279,023c3190-189d-4690-9dae-7b889c6c9279_1710939611366,/,6c39ba2b-1711-4ce5-9136-bf55cbcf87a0,ğŸ¤” Unlock Your Mind!,humanify://deeplink/stories/question,New Question Alert! ğŸš¨
event_pushopen,1710781310178000,351d83b6-da82-4fea-91b1-adf1bf913f65,351d83b6-da82-4fea-91b1-adf1bf913f65_1710781309162,/,de3ccede-b048-4ecc-a09a-0dfaeaf1cb63,ğŸŒˆ Â¡Mejora tu dÃ­a!,humanify://deeplink/stories/affirmation,Â¡Tu afirmaciÃ³n diaria ha llegado! ğŸ™Œ
event_pushopen,1710940192135000,8ea71ada-8d40-48d8-ba87-55d5d544567a,8ea71ada-8d40-48d8-ba87-55d5d544567a_1710940191497,/,ca1ff8f5-74d2-472b-8399-54a92710b03e,ğŸŒš Planetary Transits Change!,humanify://home/tabs/main/transits,These planets change their gates now: Moon
event_pushopen,1710939611266000,7f6316bd-4b02-4d30-93e1-83c92720fad9,7f6316bd-4b02-4d30-93e1-83c92720fad9_1710939610704,/,ca1ff8f5-74d2-472b-8399-54a92710b03e,ğŸŒš Planetary Transits Change!,humanify://home/tabs/main/transits,These planets change their gates now: Moon
event_pushopen,1710939620611000,ce6c13e1-80b6-4d61-a247-e639bc21d6e8,ce6c13e1-80b6-4d61-a247-e639bc21d6e8_1710939617896,/,c74bad70-224e-4ae2-959f-f198b3229a27,ğŸ¤¯ Mind-Blowing Fact Alert!,humanify://deeplink/stories/fact,Slow Down & Absorb! ğŸ“š
event_pushopen,1710939611735000,d4f3a9fe-5309-41f5-b855-1d8a8102419c,d4f3a9fe-5309-41f5-b855-1d8a8102419c_1710939611702,/,44f9c827-1fca-490f-b868-c3a4150dae6b,ğŸŒš Planetary Transits Change!,humanify://home/tabs/main/transits,These planets change their gates now: Moon
event_pushopen,1710939617410000,63dd3e3f-d187-4e79-8cbb-cabb233b8947,63dd3e3f-d187-4e79-8cbb-cabb233b8947_1710939616560,/,4ff66482-5bdc-45c5-80e9-8ea328c245b0,ğŸŒš Planetary Transits Change!,humanify://home/tabs/main/transits,These planets change their gates now: Moon
event_pushopen,1710939911057000,4bf48520-a464-42c9-b553-d4ad1ea00215,4bf48520-a464-42c9-b553-d4ad1ea00215_1710939910151,/,35b72fdc-c493-4ec1-af73-b0a0a9060b36,ğŸŒš Planetary Transits Change!,humanify://home/tabs/main/transits,These planets change their gates now: Moon
event_pushopen,1710942223702000,e8cd675f-4e79-4a90-952a-99cdc822ff03,e8cd675f-4e79-4a90-952a-99cdc822ff03_1710942222590,/,47f941ae-bd8b-4d0a-a4f2-3ccbfbf6c7b9,New transitsğŸª,humanify://deeplink/transits,Find out what awaits you today
event_pushopen,1710939969459000,ec281f1b-6479-48e6-bd68-f5e4fbb664cf,ec281f1b-6479-48e6-bd68-f5e4fbb664cf_1710939968731,/,d6716eec-4685-491c-bedb-35555ab73965,ğŸŒš Planetary Transits Change!,humanify://home/tabs/main/transits,These planets change their gates now: Moon
event_pushopen,1710939903772000,bde11df2-5a64-4a4c-b1ea-5b6b6baa4989,bde11df2-5a64-4a4c-b1ea-5b6b6baa4989_1710939902822,/,a9401794-070f-4270-9d26-90aa4cd35821,ğŸŒš Planetary Transits Change!,humanify://home/tabs/main/transits,These planets change their gates now: Moon
event_pushopen,1710939618838000,743dfffc-9d02-49b1-8ec3-bc72fb8c83d8,743dfffc-9d02-49b1-8ec3-bc72fb8c83d8_1710939617337,/,02e0df6a-574d-446d-8cb3-b4d340d0bb46,ğŸŒš Planetary Transits Change!,humanify://home/tabs/main/transits,These planets change their gates now: Moon
event_pushopen,1710945693215000,662d94ff-af49-46ea-a433-21edff931d60,662d94ff-af49-46ea-a433-21edff931d60_1710945692413,/,4ff66482-5bdc-45c5-80e9-8ea328c245b0,ğŸŒš Planetary Transits Change!,humanify://home/tabs/main/transits,These planets change their gates now: Moon
event_pushopen,1710944571969000,130451ad-7b27-4045-904e-865f7e7a4c28,130451ad-7b27-4045-904e-865f7e7a4c28_1710944570031,/,1a2d4f1c-09d8-429f-b14f-038dd33ae56f,ğŸ¤¯ Mind-Blowing Fact Alert!,humanify://deeplink/stories/fact,Slow Down & Absorb! ğŸ“š
event_pushopen,1710945548170000,5edbd7c7-70e6-49bd-9ac8-222c156d1bea,5edbd7c7-70e6-49bd-9ac8-222c156d1bea_1710945545526,/,1a2d4f1c-09d8-429f-b14f-038dd33ae56f,ğŸ¤¯ Mind-Blowing Fact Alert!,humanify://deeplink/stories/fact,Slow Down & Absorb! ğŸ“š
event_pushopen,1710943225447000,7202de4a-7198-435d-b8e5-2f00dd5660b3,7202de4a-7198-435d-b8e5-2f00dd5660b3_1710943217970,/,02e0df6a-574d-446d-8cb3-b4d340d0bb46,ğŸŒš Planetary Transits Change!,humanify://home/tabs/main/transits,These planets change their gates now: Moon
event_pushopen,1709994365656000,d0830ab8-0c23-4dcb-9463-514321a72a22,d0830ab8-0c23-4dcb-9463-514321a72a22_1709994364310,/,1fdf6c61-cd10-4728-a47f-c5ac7ed4e09c,ğŸŒš Cambios en los trÃ¡nsitos planetarios,humanify://home/tabs/main/transits,"Estos planetas estÃ¡n cambiando sus puertas ahora: Luna, Mercurio"
event_pushopen,1710943631956000,620b972d-6c49-4f09-9398-b17e29d2f801,620b972d-6c49-4f09-9398-b17e29d2f801_1710943631825,/,aa97d889-e120-4d13-a478-b9c4c1552dcc,ğŸ’Œ Â¡Echa un vistazo!,humanify://deeplink/stories/daily_tip,Â¡Tu consejo diario te espera! ğŸŒŸ
event_pushopen,1710943222721000,6d5194d5-e1ea-4fe0-b95c-e801cb77abc7,6d5194d5-e1ea-4fe0-b95c-e801cb77abc7_1710943221898,/,4ff66482-5bdc-45c5-80e9-8ea328c245b0,ğŸŒš Planetary Transits Change!,humanify://home/tabs/main/transits,These planets change their gates now: Moon
event_pushopen,1710943229348000,e4ffef92-c3a1-47cf-bec8-51b00362a4c2,e4ffef92-c3a1-47cf-bec8-51b00362a4c2_1710943228409,/,d6716eec-4685-491c-bedb-35555ab73965,ğŸŒš Planetary Transits Change!,humanify://home/tabs/main/transits,These planets change their gates now: Moon
event_pushopen,1710943944903000,6020e4ea-44d5-40bc-a6ec-71d2a78b9a73,6020e4ea-44d5-40bc-a6ec-71d2a78b9a73_1710943943449,/,4ff66482-5bdc-45c5-80e9-8ea328c245b0,ğŸŒš Planetary Transits Change!,humanify://home/tabs/main/transits,These planets change their gates now: Moon
event_pushopen,1710946366630000,0ff4e69d-55b7-4f55-941f-2fd634f54ba6,0ff4e69d-55b7-4f55-941f-2fd634f54ba6_1710946365953,/,5321811a-4cca-482c-b431-70da6f1b8b38,Welcome to Humanify âœ¨,humanify://deeplink/home,"Explore your bodygraph, partner compatibility and learn about transits"
event_pushopen,1710433111900000,0729516c-e671-4bbd-ad86-4344b0cb00f1,0729516c-e671-4bbd-ad86-4344b0cb00f1_1710433110986,/,b2fa424f-26f5-4caa-a926-e5f2c64b8c5c,New transitsğŸª,humanify://deeplink/transits,Find out what awaits you today
event_pushopen,1710946817449000,0729516c-e671-4bbd-ad86-4344b0cb00f1,0729516c-e671-4bbd-ad86-4344b0cb00f1_1710946816782,/,9a09f183-96bf-48fa-90ec-dd2d3775357b,ğŸ’Œ Peek Inside!,humanify://deeplink/stories/daily_tip,Your Daily Tip is Waiting! ğŸŒŸ
event_pushopen,1710946832029000,e53fef1c-373c-48e9-9b5d-429837acb128,e53fef1c-373c-48e9-9b5d-429837acb128_1710946830881,/,d6716eec-4685-491c-bedb-35555ab73965,ğŸŒš Planetary Transits Change!,humanify://home/tabs/main/transits,These planets change their gates now: Moon
event_pushopen,1709816419268000,7ea7bfe8-7d6a-4e08-88a9-aa38a44d0780,7ea7bfe8-7d6a-4e08-88a9-aa38a44d0780_1709816417768,/,cc0f2faa-25cc-45bb-bd75-c27d4f7002f8,ğŸŒˆ Boost Your Day!,humanify://deeplink/stories/affirmation,Your Daily Affirmation is Here! ğŸ™Œ
event_pushopen,1710946830610000,7ea7bfe8-7d6a-4e08-88a9-aa38a44d0780,7ea7bfe8-7d6a-4e08-88a9-aa38a44d0780_1710946828845,/,c74bad70-224e-4ae2-959f-f198b3229a27,ğŸ¤¯ Mind-Blowing Fact Alert!,humanify://deeplink/stories/fact,Slow Down & Absorb! ğŸ“š
event_pushopen,1710947225937000,791d1eb6-06af-443b-9440-23b0e2d7cf69,791d1eb6-06af-443b-9440-23b0e2d7cf69_1710947225889,/,c74bad70-224e-4ae2-959f-f198b3229a27,ğŸ¤¯ Mind-Blowing Fact Alert!,humanify://deeplink/stories/fact,Slow Down & Absorb! ğŸ“š
event_pushopen,1710658812467000,e8959c1c-100f-4725-af5f-a3057cabf9be,e8959c1c-100f-4725-af5f-a3057cabf9be_1710658810749,/,34e6535f-6a56-4a15-a0a5-9c4cd8ed64e1,ğŸŒš Planetary Transits Change!,humanify://home/tabs/main/transits,These planets change their gates now: Moon
event_pushopen,1710946832017000,e4cbcee6-8c12-4cca-8a0b-4f21d5aeeb16,e4cbcee6-8c12-4cca-8a0b-4f21d5aeeb16_1710946830548,/,d6716eec-4685-491c-bedb-35555ab73965,ğŸŒš Cambios en los trÃ¡nsitos planetarios,humanify://home/tabs/main/transits,Estos planetas estÃ¡n cambiando sus puertas ahora: Luna
event_pushopen,1710946820611000,00452094-4551-4729-9d69-891bba2298b9,00452094-4551-4729-9d69-891bba2298b9_1710946819410,/,9a09f183-96bf-48fa-90ec-dd2d3775357b,ğŸ’Œ Peek Inside!,humanify://deeplink/stories/daily_tip,Your Daily Tip is Waiting! ğŸŒŸ
event_pushopen,1710946830161000,7e6cd814-5f9c-42ea-8343-f75461368b10,7e6cd814-5f9c-42ea-8343-f75461368b10_1710946829137,/,02e0df6a-574d-446d-8cb3-b4d340d0bb46,ğŸŒš Planetary Transits Change!,humanify://home/tabs/main/transits,These planets change their gates now: Moon
event_pushopen,1710259212439000,b544db4e-717b-4be0-af28-fa4b266bd081,b544db4e-717b-4be0-af28-fa4b266bd081_1710259211401,/,5243db89-7729-49f9-9c53-791db9554716,ğŸŒš Planetary Transits Change!,humanify://home/tabs/main/transits,"These planets change their gates now: Sun, Earth, Moon, Mercury, Venus, Saturn"
event_pushopen,1710951109181000,b544db4e-717b-4be0-af28-fa4b266bd081,b544db4e-717b-4be0-af28-fa4b266bd081_1710951108105,/,a9401794-070f-4270-9d26-90aa4cd35821,ğŸŒš Planetary Transits Change!,humanify://home/tabs/main/transits,These planets change their gates now: Moon
event_pushopen,1710950416880000,c6485f12-dc34-4e3d-8c73-88a248f25674,c6485f12-dc34-4e3d-8c73-88a248f25674_1710950415348,/,cd796488-658d-4780-89e0-8b224f6f3074,ğŸ¤” Unlock Your Mind!,humanify://deeplink/stories/question,New Question Alert! ğŸš¨
event_pushopen,1710950414029000,eae3989a-c9b6-465a-99eb-f87432b50d2c,eae3989a-c9b6-465a-99eb-f87432b50d2c_1710950412651,/,27acfa85-cc08-4afe-94b1-de52c34fde83,ğŸ¤” Unlock Your Mind!,humanify://deeplink/stories/question,New Question Alert! ğŸš¨
event_pushopen,1710951315142000,cd8102de-e8c3-45c3-94ce-2b5d745178fe,cd8102de-e8c3-45c3-94ce-2b5d745178fe_1710951314307,/,53ee47ef-6390-48ef-9856-6238852efa2d,ğŸ’Œ Peek Inside!,humanify://deeplink/stories/daily_tip,Your Daily Tip is Waiting! ğŸŒŸ
event_pushopen,1710950961891000,140007c0-3870-4055-a59f-fe4bcfbd396a,140007c0-3870-4055-a59f-fe4bcfbd396a_1710950960705,/,45b66f57-e2a8-43bc-81be-1b0e94f77a21,ğŸŒš Planetary Transits Change!,humanify://home/tabs/main/transits,These planets change their gates now: Moon
event_pushopen,1710950955471000,130451ad-7b27-4045-904e-865f7e7a4c28,130451ad-7b27-4045-904e-865f7e7a4c28_1710950953819,/,6c39ba2b-1711-4ce5-9136-bf55cbcf87a0,ğŸ¤” Unlock Your Mind!,humanify://deeplink/stories/question,New Question Alert! ğŸš¨
event_pushopen,1710951999485000,1991cecb-25cf-4ce7-8c70-3f4f2f8d655b,1991cecb-25cf-4ce7-8c70-3f4f2f8d655b_1710951998274,/,45b66f57-e2a8-43bc-81be-1b0e94f77a21,ğŸŒš Planetary Transits Change!,humanify://home/tabs/main/transits,These planets change their gates now: Moon
event_pushopen,1710950409526000,29a8f462-a088-4424-9a70-1f623e23b332,29a8f462-a088-4424-9a70-1f623e23b332_1710950408044,/,9a09f183-96bf-48fa-90ec-dd2d3775357b,ğŸ’Œ Â¡Echa un vistazo!,humanify://deeplink/stories/daily_tip,Â¡Tu consejo diario te espera! ğŸŒŸ
event_pushopen,1710950415204000,0b7ad612-af69-4f1b-af96-e2658c5f04c4,0b7ad612-af69-4f1b-af96-e2658c5f04c4_1710950414021,/,9a09f183-96bf-48fa-90ec-dd2d3775357b,ğŸ’Œ Peek Inside!,humanify://deeplink/stories/daily_tip,Your Daily Tip is Waiting! ğŸŒŸ
event_pushopen,1710950416228000,8f08c23c-e314-458a-a6b6-3eb7c82257b1,8f08c23c-e314-458a-a6b6-3eb7c82257b1_1710950414555,/,cd796488-658d-4780-89e0-8b224f6f3074,ğŸ¤” Unlock Your Mind!,humanify://deeplink/stories/question,New Question Alert! ğŸš¨
event_pushopen,1710950417927000,e0c442cd-324a-4594-a883-e17a92222fa3,e0c442cd-324a-4594-a883-e17a92222fa3_1710950417624,/,27acfa85-cc08-4afe-94b1-de52c34fde83,ğŸ¤” Ğ Ğ°ÑĞºÑ€Ğ¾Ğ¹Ñ‚Ğµ ÑĞ²Ğ¾Ğ¹ Ñ€Ğ°Ğ·ÑƒĞ¼!,humanify://deeplink/stories/question,ĞĞ¾Ğ²Ñ‹Ğ¹ Ğ²Ğ¾Ğ¿Ñ€Ğ¾Ñ Ğ½Ğ° Ğ¿Ğ¾Ğ´Ñ…Ğ¾Ğ´Ğµ! ğŸš¨
event_pushopen,1710950905017000,cb77f9c4-6015-4226-848c-6b736439a2e4,cb77f9c4-6015-4226-848c-6b736439a2e4_1710950903627,/,cd796488-658d-4780-89e0-8b224f6f3074,ğŸ¤” Unlock Your Mind!,humanify://deeplink/stories/question,New Question Alert! ğŸš¨
event_pushopen,1710953154426000,76e1fd5c-8cb8-43c4-914c-4334dce9a0ed,76e1fd5c-8cb8-43c4-914c-4334dce9a0ed_1710953153375,/,02e0df6a-574d-446d-8cb3-b4d340d0bb46,ğŸŒš Planetary Transits Change!,humanify://home/tabs/main/transits,These planets change their gates now: Moon
event_pushopen,1710950410439000,5bd09a46-d00d-4257-8c26-8be65cb9e704,5bd09a46-d00d-4257-8c26-8be65cb9e704_1710950408525,/,e8611ff8-befc-4bda-814a-ea450d877bed,ğŸŒš Planetary Transits Change!,humanify://home/tabs/main/transits,These planets change their gates now: Moon
event_pushopen,1710952080661000,989b616c-2c48-41ee-ab25-794ee3559e2a,989b616c-2c48-41ee-ab25-794ee3559e2a_1710952080599,/,cd796488-658d-4780-89e0-8b224f6f3074,ğŸ¤” Unlock Your Mind!,humanify://deeplink/stories/question,New Question Alert! ğŸš¨
event_pushopen,1710950414200000,22f376df-307e-4807-9b92-e14deabb4d19,22f376df-307e-4807-9b92-e14deabb4d19_1710950411575,/,6c39ba2b-1711-4ce5-9136-bf55cbcf87a0,ğŸ¤” Unlock Your Mind!,humanify://deeplink/stories/question,New Question Alert! ğŸš¨
event_pushopen,1710704053626000,5e40333a-a156-485d-8251-94dd506d536d,5e40333a-a156-485d-8251-94dd506d536d_1710704051577,/,c5366594-e2b1-479c-b4ff-feb7bbda21f2,ğŸŒš Cambios en los trÃ¡nsitos planetarios,humanify://home/tabs/main/transits,Estos planetas estÃ¡n cambiando sus puertas ahora: Luna
event_pushopen,1710778351358000,0d098086-73aa-4953-bbe1-617ce331c48f,0d098086-73aa-4953-bbe1-617ce331c48f_1710778350145,/,df17327d-2fa0-4297-85a0-9d9d113e19f2,ğŸŒš Cambios en los trÃ¡nsitos planetarios,humanify://home/tabs/main/transits,"Estos planetas estÃ¡n cambiando sus puertas ahora: Sol, Tierra, Luna, Mercurio"
event_pushopen,1710861734993000,07e11396-d853-43fd-aa63-1b8c0964c9df,07e11396-d853-43fd-aa63-1b8c0964c9df_1710861733558,/,7ab20076-1aad-4597-ab13-11429ef1ad32,ğŸŒš Cambios en los trÃ¡nsitos planetarios,humanify://home/tabs/main/transits,Estos planetas estÃ¡n cambiando sus puertas ahora: Luna
event_pushopen,1710874822155000,115ea006-41f4-4c2e-81af-112f4d17745c,115ea006-41f4-4c2e-81af-112f4d17745c_1710874820657,/,12915ea7-622b-4764-8e69-8a4d1ae2d104,ğŸŒˆ Boost Your Day!,humanify://deeplink/stories/affirmation,Your Daily Affirmation is Here! ğŸ™Œ
event_pushopen,1710954011326000,115ea006-41f4-4c2e-81af-112f4d17745c,115ea006-41f4-4c2e-81af-112f4d17745c_1710954010172,/,45b66f57-e2a8-43bc-81be-1b0e94f77a21,ğŸŒš Planetary Transits Change!,humanify://home/tabs/main/transits,These planets change their gates now: Moon
event_pushopen,1710954025378000,66d90dd4-4614-4e8e-b4ff-ab9f6a6eae10,66d90dd4-4614-4e8e-b4ff-ab9f6a6eae10_1710954023832,/,72fb934c-728f-475a-9935-08febae07258,ğŸŒˆ Boost Your Day!,humanify://deeplink/stories/affirmation,Your Daily Affirmation is Here! ğŸ™Œ
event_pushopen,1710954071216000,049934fd-6478-4aa1-9262-7c1704dfab4f,049934fd-6478-4aa1-9262-7c1704dfab4f_1710954069857,/,f281bd2c-31d8-4053-9cbe-a5ae3fb133d0,ğŸŒš Planetary Transits Change!,humanify://home/tabs/main/transits,These planets change their gates now: Moon
event_pushopen,1710956156189000,cf84f414-6e04-4ff9-a4da-a6ae2cd98901,cf84f414-6e04-4ff9-a4da-a6ae2cd98901_1710956154828,/,44f9c827-1fca-490f-b868-c3a4150dae6b,ğŸŒš Planetary Transits Change!,humanify://home/tabs/main/transits,These planets change their gates now: Moon
event_pushopen,1710954011464000,791d1eb6-06af-443b-9440-23b0e2d7cf69,791d1eb6-06af-443b-9440-23b0e2d7cf69_1710954010132,/,cd796488-658d-4780-89e0-8b224f6f3074,ğŸ¤” Unlock Your Mind!,humanify://deeplink/stories/question,New Question Alert! ğŸš¨
event_pushopen,1710636978955000,255400e6-2941-4bd9-89e3-8f7e04ecdc68,255400e6-2941-4bd9-89e3-8f7e04ecdc68_1710636961120,/,4688cdff-a114-41a7-885d-ea8cb8f5a937,ğŸ¤” Â¡Desbloquea tu mente!,humanify://deeplink/stories/question,Â¡Mira lo que tenemos para ti!
event_pushopen,1710954010363000,255400e6-2941-4bd9-89e3-8f7e04ecdc68,255400e6-2941-4bd9-89e3-8f7e04ecdc68_1710954008297,/,9a09f183-96bf-48fa-90ec-dd2d3775357b,ğŸ’Œ Â¡Echa un vistazo!,humanify://deeplink/stories/daily_tip,Â¡Tu consejo diario te espera! ğŸŒŸ
event_pushopen,1710954037482000,77b5ce9f-ba22-4f38-a5de-8c18f5c31e4d,77b5ce9f-ba22-4f38-a5de-8c18f5c31e4d_1710954036716,/,72fb934c-728f-475a-9935-08febae07258,ğŸŒˆ Boost Your Day!,humanify://deeplink/stories/affirmation,Your Daily Affirmation is Here! ğŸ™Œ
event_pushopen,1710608411634000,48423f17-ab8e-4f36-9953-03240b616668,48423f17-ab8e-4f36-9953-03240b616668_1710608410420,/,efc2c304-e274-4f70-8f9b-a05b9377415e,ğŸŒˆ Boost Your Day!,humanify://deeplink/stories/affirmation,Your Daily Affirmation is Here! ğŸ™Œ
event_pushopen,1710954018041000,48423f17-ab8e-4f36-9953-03240b616668,48423f17-ab8e-4f36-9953-03240b616668_1710954017222,/,c57c82b4-e37f-4127-9934-3d12feafa01c,ğŸŒˆ Boost Your Day!,humanify://deeplink/stories/affirmation,Your Daily Affirmation is Here! ğŸ™Œ
event_pushopen,1710957614973000,385f919f-3c98-4a80-b3b8-e12cd19d3247,385f919f-3c98-4a80-b3b8-e12cd19d3247_1710957613705,/,9a09f183-96bf-48fa-90ec-dd2d3775357b,ğŸ’Œ Peek Inside!,humanify://deeplink/stories/daily_tip,Your Daily Tip is Waiting! ğŸŒŸ
event_pushopen,1707797189770000,fbaa7e63-3be5-436c-a7ce-56fe37336feb,fbaa7e63-3be5-436c-a7ce-56fe37336feb_1707797188455,/,fcd3102f-e655-4ba7-b0b4-73fb9ef61212,ğŸŒš Planetary Transits Change!,humanify://home/tabs/main/transits,These planets change their gates now: Moon
event_pushopen,1710958918272000,fbaa7e63-3be5-436c-a7ce-56fe37336feb,fbaa7e63-3be5-436c-a7ce-56fe37336feb_1710958915804,/,cb5cac5d-4a5a-4dd6-9fc4-e1c2e2f4538b,ğŸŒš Planetary Transits Change!,humanify://home/tabs/main/transits,These planets change their gates now: Moon
event_pushopen,1710957618301000,3cbbf2aa-8be4-4673-a918-cfd9b88e4cde,3cbbf2aa-8be4-4673-a918-cfd9b88e4cde_1710957617812,/,9a09f183-96bf-48fa-90ec-dd2d3775357b,ğŸ’Œ Peek Inside!,humanify://deeplink/stories/daily_tip,Your Daily Tip is Waiting! ğŸŒŸ
event_pushopen,1710958312921000,079bcc5d-cc69-4b33-bf63-2bc0ed02a9cc,079bcc5d-cc69-4b33-bf63-2bc0ed02a9cc_1710958312857,/,6c39ba2b-1711-4ce5-9136-bf55cbcf87a0,ğŸ¤” Unlock Your Mind!,humanify://deeplink/stories/question,New Question Alert! ğŸš¨
event_pushopen,1710959123304000,185f7736-4b95-415c-b4ab-eb30de619c62,185f7736-4b95-415c-b4ab-eb30de619c62_1710959122641,/,45b66f57-e2a8-43bc-81be-1b0e94f77a21,ğŸŒš Planetary Transits Change!,humanify://home/tabs/main/transits,These planets change their gates now: Moon
event_pushopen,1710960636232000,08d0be44-a87a-43ae-9a20-e5834c163172,08d0be44-a87a-43ae-9a20-e5834c163172_1710960636107,/,16faa63d-5f75-443e-b1d0-7d6c80ba745f,Your bodygraph â­ï¸,humanify://deeplink/bodygraph,"It will show your key characteristics, qualities and personal energy"
event_pushopen,1710961564080000,91ee287d-6545-463a-bf7b-4324b709d025,91ee287d-6545-463a-bf7b-4324b709d025_1710961563536,/,c74bad70-224e-4ae2-959f-f198b3229a27,ğŸ¤¯ Mind-Blowing Fact Alert!,humanify://deeplink/stories/fact,Slow Down & Absorb! ğŸ“š
event_pushopen,1710961220669000,488a6e98-3111-4d3a-a573-cefc5cc0d3d1,488a6e98-3111-4d3a-a573-cefc5cc0d3d1_1710961220650,/,1a2d4f1c-09d8-429f-b14f-038dd33ae56f,ğŸ¤¯ Mind-Blowing Fact Alert!,humanify://deeplink/stories/fact,Slow Down & Absorb! ğŸ“š
event_pushopen,1710961467600000,801424dc-b898-4f37-8cf8-f8095dff07cb,801424dc-b898-4f37-8cf8-f8095dff07cb_1710961466602,/,c74bad70-224e-4ae2-959f-f198b3229a27,ğŸ¤¯ Mind-Blowing Fact Alert!,humanify://deeplink/stories/fact,Slow Down & Absorb! ğŸ“š
event_pushopen,1710961220581000,f2556339-8788-4e38-a6ff-a3a733f57328,f2556339-8788-4e38-a6ff-a3a733f57328_1710961219665,/,0bbe4d57-56b7-42a5-81c9-c6fcab9dd848,ğŸ¤¯ Mind-Blowing Fact Alert!,humanify://deeplink/stories/fact,Slow Down & Absorb! ğŸ“š
event_pushopen,1710961678181000,87dd0e95-a2b7-4820-bf1b-3fef227b6509,87dd0e95-a2b7-4820-bf1b-3fef227b6509_1710961677076,/,c74bad70-224e-4ae2-959f-f198b3229a27,ğŸ¤¯ Mind-Blowing Fact Alert!,humanify://deeplink/stories/fact,Slow Down & Absorb! ğŸ“š
event_pushopen,1710962323899000,70facd3e-c6b7-4678-97e8-c449d1c970ce,70facd3e-c6b7-4678-97e8-c449d1c970ce_1710962323866,/,e566164e-7ae5-4718-801b-e16119690afa,Welcome to Humanify âœ¨,humanify://deeplink/home,"Explore your bodygraph, partner compatibility and learn about transits"
event_pushopen,1710901476229000,0c214761-c0c8-44a7-947f-958eec20a5b9,0c214761-c0c8-44a7-947f-958eec20a5b9_1710901475238,/,99f1d566-afad-4305-afda-7c3a6b7d15d5,New transitsğŸª,humanify://deeplink/transits,Find out what awaits you today
event_pushopen,1710901040320000,63ef6921-5bae-4d14-99d7-46699b13783a,63ef6921-5bae-4d14-99d7-46699b13783a_1710901037362,/,f8af07a4-8a5a-4902-9f1d-e24da8a81ac9,ğŸŒš ĞŸĞ»Ğ°Ğ½ĞµÑ‚Ñ‹ Ğ´Ğ²Ğ¸Ğ¶ÑƒÑ‚ÑÑ!,humanify://home/tabs/main/transits,Ğ¡ĞµĞ³Ğ¾Ğ´Ğ½Ñ ÑÑ‚Ğ¸ Ğ¿Ğ»Ğ°Ğ½ĞµÑ‚Ñ‹ ÑĞ¼ĞµĞ½ÑÑ‚ ÑĞ²Ğ¾Ğ¸ Ğ²Ğ¾Ñ€Ğ¾Ñ‚Ğ°: Ğ›ÑƒĞ½Ğ°
event_pushopen,1710901011736000,5484c2b5-d1c3-42c3-8c04-0db14acf80c7,5484c2b5-d1c3-42c3-8c04-0db14acf80c7_1710901010293,/,b25e152d-0864-4a1b-b30c-f0847673dfc2,Your bodygraph â­ï¸,humanify://deeplink/bodygraph,"It will show your key characteristics, qualities and personal energy"
event_pushopen,1710256176283000,adfbd0b8-f29c-4c30-87b8-0b9f4bdf4797,adfbd0b8-f29c-4c30-87b8-0b9f4bdf4797_1710256174310,/,3dc066de-bbd1-4a33-8a95-caa49f5a0450,ğŸ¤” Unlock Your Mind!,humanify://deeplink/stories/question,New Question Alert! ğŸš¨
event_pushopen,1710667081621000,adfbd0b8-f29c-4c30-87b8-0b9f4bdf4797,adfbd0b8-f29c-4c30-87b8-0b9f4bdf4797_1710667080118,/,d0a6d2ae-258e-48fb-9593-b6d8ddf7dcf2,ğŸ’Œ Peek Inside!,humanify://deeplink/stories/daily_tip,Your Daily Tip is Waiting! ğŸŒŸ
event_pushopen,1710961957763000,adfbd0b8-f29c-4c30-87b8-0b9f4bdf4797,adfbd0b8-f29c-4c30-87b8-0b9f4bdf4797_1710961954916,/,cd796488-658d-4780-89e0-8b224f6f3074,ğŸ¤” Unlock Your Mind!,humanify://deeplink/stories/question,New Question Alert! ğŸš¨
event_pushopen,1710965007327000,946c0fcf-5d87-428d-b039-a2c43064c035,946c0fcf-5d87-428d-b039-a2c43064c035_1710965005658,/,72fb934c-728f-475a-9935-08febae07258,ğŸŒˆ Boost Your Day!,humanify://deeplink/stories/affirmation,Your Daily Affirmation is Here! ğŸ™Œ
event_pushopen,1709536487759000,66212d81-a56d-4c87-82d3-55fcea010e5c,66212d81-a56d-4c87-82d3-55fcea010e5c_1709536485090,/,401a98f3-67f3-4248-83df-ae4fa4fc804c,ğŸ¤” Unlock Your Mind!,humanify://deeplink/stories/question,New Question Alert! ğŸš¨
event_pushopen,1710964811730000,9aec46d5-540b-4fbe-bcfd-48991bbc919b,9aec46d5-540b-4fbe-bcfd-48991bbc919b_1710964811706,/,c74bad70-224e-4ae2-959f-f198b3229a27,ğŸ¤¯ Mind-Blowing Fact Alert!,humanify://deeplink/stories/fact,Slow Down & Absorb! ğŸ“š
event_pushopen,1710964814557000,e014b9f9-0373-470e-826a-ad57edebc568,e014b9f9-0373-470e-826a-ad57edebc568_1710964813107,/,0bbe4d57-56b7-42a5-81c9-c6fcab9dd848,ğŸ¤¯ Â¡Alerta de hecho alucinante!,humanify://deeplink/stories/fact,Â¡Frena y absorbe! ğŸ“š
event_pushopen,1710964824369000,b04fe8c9-5e06-44cf-a37f-b51ac4620a6d,b04fe8c9-5e06-44cf-a37f-b51ac4620a6d_1710964823238,/,c74bad70-224e-4ae2-959f-f198b3229a27,ğŸ¤¯ Mind-Blowing Fact Alert!,humanify://deeplink/stories/fact,Slow Down & Absorb! ğŸ“š
event_pushopen,1710964816316000,d3945c2d-3e1a-47cb-9f38-58a574f6ce52,d3945c2d-3e1a-47cb-9f38-58a574f6ce52_1710964815071,/,9b985141-6c90-4819-8076-3b97474f9bd0,ğŸŒˆ Boost Your Day!,humanify://deeplink/stories/affirmation,Your Daily Affirmation is Here! ğŸ™Œ
event_pushopen,1710965232282000,0acf2fd2-0cff-4f6a-85ee-1f19824e91af,0acf2fd2-0cff-4f6a-85ee-1f19824e91af_1710965231052,/,c57c82b4-e37f-4127-9934-3d12feafa01c,ğŸŒˆ Boost Your Day!,humanify://deeplink/stories/affirmation,Your Daily Affirmation is Here! ğŸ™Œ
event_pushopen,1710968417167000,51c6e4ac-40cc-43f2-89c8-95e2b116e8d2,51c6e4ac-40cc-43f2-89c8-95e2b116e8d2_1710968416147,/,6c39ba2b-1711-4ce5-9136-bf55cbcf87a0,ğŸ¤” Unlock Your Mind!,humanify://deeplink/stories/question,New Question Alert! ğŸš¨
event_pushopen,1710968414524000,136096fc-7d9b-4df4-9a74-dce9fa3e456f,136096fc-7d9b-4df4-9a74-dce9fa3e456f_1710968412381,/,9a09f183-96bf-48fa-90ec-dd2d3775357b,ğŸ’Œ Peek Inside!,humanify://deeplink/stories/daily_tip,Your Daily Tip is Waiting! ğŸŒŸ
event_pushopen,1708898866924000,a43fe591-5069-421e-bf3c-3c0a957e7567,a43fe591-5069-421e-bf3c-3c0a957e7567_1708898866175,/,aebd1177-4540-4f6c-a9e5-2bc2e2054df5,ğŸ¤¯ Mind-Blowing Fact Alert!,humanify://deeplink/stories/fact,Slow Down & Absorb! ğŸ“š
event_pushopen,1710968462625000,a43fe591-5069-421e-bf3c-3c0a957e7567,a43fe591-5069-421e-bf3c-3c0a957e7567_1710968462625,/,c74bad70-224e-4ae2-959f-f198b3229a27,ğŸ¤¯ Mind-Blowing Fact Alert!,humanify://deeplink/stories/fact,Slow Down & Absorb! ğŸ“š
event_pushopen,1710968415912000,898d2b22-b92c-4902-ab41-20325402f1aa,898d2b22-b92c-4902-ab41-20325402f1aa_1710968414882,/,cd796488-658d-4780-89e0-8b224f6f3074,ğŸ¤” Unlock Your Mind!,humanify://deeplink/stories/question,New Question Alert! ğŸš¨
event_pushopen,1706517637032000,41e68189-c914-4e36-b72f-281309750f4f,41e68189-c914-4e36-b72f-281309750f4f_1706517635115,/,c6835a3b-a06a-46af-be80-60b8b1aa3f31,ğŸ¤” Unlock Your Mind!,humanify://deeplink/stories/question,New Question Alert! ğŸš¨
event_pushopen,1710970148037000,801424dc-b898-4f37-8cf8-f8095dff07cb,801424dc-b898-4f37-8cf8-f8095dff07cb_1710970147171,/,cd796488-658d-4780-89e0-8b224f6f3074,ğŸ¤” Unlock Your Mind!,humanify://deeplink/stories/question,New Question Alert! ğŸš¨
event_pushopen,1710969581535000,c5d9dcb2-2c3f-4b01-bc29-112268248dcb,c5d9dcb2-2c3f-4b01-bc29-112268248dcb_1710969580064,/,9db322e3-a95b-4c8e-87be-838f82dc44eb,New transitsğŸª,humanify://deeplink/transits,Find out what awaits you today
event_pushopen,1710968865446000,9eca2da3-ca9d-4d2d-a01f-02064ff2a9db,9eca2da3-ca9d-4d2d-a01f-02064ff2a9db_1710968864751,/,cd796488-658d-4780-89e0-8b224f6f3074,ğŸ¤” Unlock Your Mind!,humanify://deeplink/stories/question,New Question Alert! ğŸš¨
event_pushopen,1710165665058000,d5f58615-fcf5-46ba-8016-6878ce4b1d1c,d5f58615-fcf5-46ba-8016-6878ce4b1d1c_1710165664227,/,05bc91f6-6c7e-401e-8c6c-34be25951e8a,ğŸŒš Planetary Transits Change!,humanify://home/tabs/main/transits,"These planets change their gates now: Moon, Jupiter"
event_pushopen,1710969000595000,1cd6f652-f47c-4136-9259-962fd0efeb10,1cd6f652-f47c-4136-9259-962fd0efeb10_1710968999680,/,6c39ba2b-1711-4ce5-9136-bf55cbcf87a0,ğŸ¤” Unlock Your Mind!,humanify://deeplink/stories/question,New Question Alert! ğŸš¨
event_pushopen,1710968419052000,542e1841-9483-4bdd-9844-76bd3b829ffa,542e1841-9483-4bdd-9844-76bd3b829ffa_1710968417994,/,6c39ba2b-1711-4ce5-9136-bf55cbcf87a0,ğŸ¤” Unlock Your Mind!,humanify://deeplink/stories/question,New Question Alert! ğŸš¨
event_pushopen,1710968412876000,ef5cbd65-ec17-493b-962b-32cb7618d2a4,ef5cbd65-ec17-493b-962b-32cb7618d2a4_1710968411478,/,27acfa85-cc08-4afe-94b1-de52c34fde83,ğŸ¤” Unlock Your Mind!,humanify://deeplink/stories/question,New Question Alert! ğŸš¨
event_pushopen,1710968420218000,79bec465-7cd9-434c-af63-82bc57ce54e6,79bec465-7cd9-434c-af63-82bc57ce54e6_1710968419408,/,cd796488-658d-4780-89e0-8b224f6f3074,ğŸ¤” Unlock Your Mind!,humanify://deeplink/stories/question,New Question Alert! ğŸš¨
event_pushopen,1710972010186000,088a3376-017b-4a81-a3a9-b8fb63629775,088a3376-017b-4a81-a3a9-b8fb63629775_1710972009207,/,6c39ba2b-1711-4ce5-9136-bf55cbcf87a0,ğŸ¤” Unlock Your Mind!,humanify://deeplink/stories/question,New Question Alert! ğŸš¨
event_pushopen,1710972010163000,2b01b676-45cd-46d5-bbef-2a4d52a9d436,2b01b676-45cd-46d5-bbef-2a4d52a9d436_1710972008952,/,6c39ba2b-1711-4ce5-9136-bf55cbcf87a0,ğŸ¤” Unlock Your Mind!,humanify://deeplink/stories/question,New Question Alert! ğŸš¨
event_pushopen,1710973082689000,dfb3b975-eb2e-4153-921a-08f19c65604f,dfb3b975-eb2e-4153-921a-08f19c65604f_1710973081419,/,fc2b4664-735c-42e9-9646-a83125ba1f60,New transitsğŸª,humanify://deeplink/transits,Find out what awaits you today
event_pushopen,1710972239867000,0016d467-5bf0-4256-b7bd-983aa0678cec,0016d467-5bf0-4256-b7bd-983aa0678cec_1710972237352,/,f281bd2c-31d8-4053-9cbe-a5ae3fb133d0,ğŸŒš Planetary Transits Change!,humanify://home/tabs/main/transits,These planets change their gates now: Moon
event_pushopen,1710972015974000,d629c975-7e48-411a-b3ea-a750f6ac2377,d629c975-7e48-411a-b3ea-a750f6ac2377_1710972015108,/,27acfa85-cc08-4afe-94b1-de52c34fde83,ğŸ¤” Unlock Your Mind!,humanify://deeplink/stories/question,New Question Alert! ğŸš¨
event_pushopen,1710972021685000,70ced8de-26a3-4504-aeb1-de26b9146113,70ced8de-26a3-4504-aeb1-de26b9146113_1710972020582,/,c74bad70-224e-4ae2-959f-f198b3229a27,ğŸ¤¯ Mind-Blowing Fact Alert!,humanify://deeplink/stories/fact,Slow Down & Absorb! ğŸ“š
event_pushopen,1710972020589000,07f63d71-7544-4e7f-ac2b-2baae2dac319,07f63d71-7544-4e7f-ac2b-2baae2dac319_1710972018251,/,f281bd2c-31d8-4053-9cbe-a5ae3fb133d0,ğŸŒš Planetary Transits Change!,humanify://home/tabs/main/transits,These planets change their gates now: Moon
event_pushopen,1710972052730000,0acf2fd2-0cff-4f6a-85ee-1f19824e91af,0acf2fd2-0cff-4f6a-85ee-1f19824e91af_1710972051707,/,1a2d4f1c-09d8-429f-b14f-038dd33ae56f,ğŸ¤¯ Mind-Blowing Fact Alert!,humanify://deeplink/stories/fact,Slow Down & Absorb! ğŸ“š
event_pushopen,1710972453732000,a9e32682-6dba-493b-8753-d2954b276d29,a9e32682-6dba-493b-8753-d2954b276d29_1710972452933,/,590b9c31-92c5-4240-b64c-331bcd585a89,New transitsğŸª,humanify://deeplink/transits,Find out what awaits you today
event_pushopen,1710975621177000,255400e6-2941-4bd9-89e3-8f7e04ecdc68,255400e6-2941-4bd9-89e3-8f7e04ecdc68_1710975619292,/,6c39ba2b-1711-4ce5-9136-bf55cbcf87a0,ğŸ¤” Â¡Desbloquea tu mente!,humanify://deeplink/stories/question,Â¡Mira lo que tenemos para ti!
event_pushopen,1710979051296000,0f7b35ed-80fd-403e-92f4-ca3634f503bd,0f7b35ed-80fd-403e-92f4-ca3634f503bd_1710979050456,/,6c39ba2b-1711-4ce5-9136-bf55cbcf87a0,ğŸ¤” Unlock Your Mind!,humanify://deeplink/stories/question,New Question Alert! ğŸš¨
event_pushopen,1710903614584000,038fd6e4-cf1e-44f8-82b8-5f309405de25,038fd6e4-cf1e-44f8-82b8-5f309405de25_1710903611537,/,561053aa-4f5d-4327-b2c5-921993a60bcb,ğŸ’Œ Peek Inside!,humanify://deeplink/stories/daily_tip,Your Daily Tip is Waiting! ğŸŒŸ
event_pushopen,1710905415816000,d4d6578c-6222-42a1-a333-02ca47bd567e,d4d6578c-6222-42a1-a333-02ca47bd567e_1710905413250,/,bae0d1a2-c092-4d71-95fa-24773fe54cdc,ğŸŒš Planetary Transits Change!,humanify://home/tabs/main/transits,These planets change their gates now: Moon
event_pushopen,1710885617002000,e231836a-f34f-43cc-8d9b-f436abbd0acf,e231836a-f34f-43cc-8d9b-f436abbd0acf_1710885615843,/,d235c131-06c6-4781-bff4-d67b673a8370,ğŸ¤¯ Mind-Blowing Fact Alert!,humanify://deeplink/stories/fact,Slow Down & Absorb! ğŸ“š
event_pushopen,1710853212913000,a1482e0d-0afd-48ba-8e94-63510a505cc5,a1482e0d-0afd-48ba-8e94-63510a505cc5_1710853210220,/,73b22300-cc76-4aef-95fd-74fab2786e28,ğŸ¤” Ğ Ğ°ÑĞºÑ€Ğ¾Ğ¹Ñ‚Ğµ ÑĞ²Ğ¾Ğ¹ Ñ€Ğ°Ğ·ÑƒĞ¼!,humanify://deeplink/stories/question,ĞĞ¾Ğ²Ñ‹Ğ¹ Ğ²Ğ¾Ğ¿Ñ€Ğ¾Ñ Ğ½Ğ° Ğ¿Ğ¾Ğ´Ñ…Ğ¾Ğ´Ğµ! ğŸš¨
event_pushopen,1710910408981000,07d88afb-5887-496d-84e2-d02238e9c94e,07d88afb-5887-496d-84e2-d02238e9c94e_1710910407693,/,ffb24711-bdf5-4de4-b2d2-7066a0b7c391,ğŸ¤” Unlock Your Mind!,humanify://deeplink/stories/question,New Question Alert! ğŸš¨
event_pushopen,1710908347709000,3047c30b-09de-46b9-b127-06598d0815bf,3047c30b-09de-46b9-b127-06598d0815bf_1710908346968,/,456dde0e-1e58-42d7-a96c-358600139d20,ğŸŒš Planetary Transits Change!,humanify://home/tabs/main/transits,These planets change their gates now: Moon
event_pushopen,1710907230328000,1ee68721-2519-4c3e-b480-f35f17c07b29,1ee68721-2519-4c3e-b480-f35f17c07b29_1710907227071,/,561053aa-4f5d-4327-b2c5-921993a60bcb,ğŸ’Œ Peek Inside!,humanify://deeplink/stories/daily_tip,Your Daily Tip is Waiting! ğŸŒŸ
event_pushopen,1710907841856000,b63a1cb6-b865-4e01-bea7-4443f1bced87,b63a1cb6-b865-4e01-bea7-4443f1bced87_1710907839433,/,27c560e4-3a82-44c7-867c-3f167d6cd288,ğŸŒš ĞŸĞ»Ğ°Ğ½ĞµÑ‚Ñ‹ Ğ´Ğ²Ğ¸Ğ¶ÑƒÑ‚ÑÑ!,humanify://home/tabs/main/transits,Ğ¡ĞµĞ³Ğ¾Ğ´Ğ½Ñ ÑÑ‚Ğ¸ Ğ¿Ğ»Ğ°Ğ½ĞµÑ‚Ñ‹ ÑĞ¼ĞµĞ½ÑÑ‚ ÑĞ²Ğ¾Ğ¸ Ğ²Ğ¾Ñ€Ğ¾Ñ‚Ğ°: Ğ›ÑƒĞ½Ğ°
event_pushopen,1710909768472000,582a88d5-e55f-4c0e-ab14-cd36a2671cb3,582a88d5-e55f-4c0e-ab14-cd36a2671cb3_1710909765736,/,557b243f-f958-4ace-b8d4-d15fd55b1ca7,ğŸŒš Planetary Transits Change!,humanify://home/tabs/main/transits,These planets change their gates now: Moon
event_pushopen,1710907427498000,540a8a57-48ab-4b57-90eb-103da4d5ea5b,540a8a57-48ab-4b57-90eb-103da4d5ea5b_1710907427402,/,0d29aa28-aab9-4dd9-ba8a-7af7476c396e,ğŸ¤¯ Mind-Blowing Fact Alert!,humanify://deeplink/stories/fact,Slow Down & Absorb! ğŸ“š
event_pushopen,1710910810078000,72d2dc03-e96a-4943-af58-18dc7a8f9db8,72d2dc03-e96a-4943-af58-18dc7a8f9db8_1710910807482,/,02e0df6a-574d-446d-8cb3-b4d340d0bb46,ğŸŒš Planetary Transits Change!,humanify://home/tabs/main/transits,These planets change their gates now: Moon
event_pushopen,1710914426186000,48647c61-7a34-4d95-9d38-326487896bd9,48647c61-7a34-4d95-9d38-326487896bd9_1710914418316,/,35b72fdc-c493-4ec1-af73-b0a0a9060b36,ğŸŒš Planetary Transits Change!,humanify://home/tabs/main/transits,These planets change their gates now: Moon
event_pushopen,1710914418526000,17be91dc-213f-4864-a2e0-30f92498c387,17be91dc-213f-4864-a2e0-30f92498c387_1710914414968,/,c57c82b4-e37f-4127-9934-3d12feafa01c,ğŸŒˆ Boost Your Day!,humanify://deeplink/stories/affirmation,Your Daily Affirmation is Here! ğŸ™Œ
event_pushopen,1710918020561000,f846eb56-92c0-4824-840f-761f85e366bd,f846eb56-92c0-4824-840f-761f85e366bd_1710918017583,/,cb5cac5d-4a5a-4dd6-9fc4-e1c2e2f4538b,ğŸŒš Planetary Transits Change!,humanify://home/tabs/main/transits,These planets change their gates now: Moon
event_pushopen,1710918019974000,4e274642-e440-4c63-8aa8-da2af577b012,4e274642-e440-4c63-8aa8-da2af577b012_1710918018596,/,35b72fdc-c493-4ec1-af73-b0a0a9060b36,ğŸŒš ĞŸĞ»Ğ°Ğ½ĞµÑ‚Ñ‹ Ğ´Ğ²Ğ¸Ğ¶ÑƒÑ‚ÑÑ!,humanify://home/tabs/main/transits,Ğ¡ĞµĞ³Ğ¾Ğ´Ğ½Ñ ÑÑ‚Ğ¸ Ğ¿Ğ»Ğ°Ğ½ĞµÑ‚Ñ‹ ÑĞ¼ĞµĞ½ÑÑ‚ ÑĞ²Ğ¾Ğ¸ Ğ²Ğ¾Ñ€Ğ¾Ñ‚Ğ°: Ğ›ÑƒĞ½Ğ°
event_pushopen,1710918017809000,a0f22d3e-1ad0-476c-8c5c-d481cb9d293d,a0f22d3e-1ad0-476c-8c5c-d481cb9d293d_1710918014236,/,8d05e25d-8b13-4d59-966e-7b22ce135990,ğŸŒš Planetary Transits Change!,humanify://home/tabs/main/transits,These planets change their gates now: Moon
event_pushopen,1710920762023000,331197d3-8f61-4689-988f-acf6f3fe7efd,331197d3-8f61-4689-988f-acf6f3fe7efd_1710920760801,/,b81b79ee-1a93-452b-8f46-7ffc27cdb5ad,New transitsğŸª,humanify://deeplink/transits,Find out what awaits you today
event_pushopen,1710580165267000,3bfae10b-e73b-4635-904e-c0729ab7016e,3bfae10b-e73b-4635-904e-c0729ab7016e_1710580163732,/,7b630912-3421-4d09-b429-43e09f9b3df5,ğŸŒš Planetary Transits Change!,humanify://home/tabs/main/transits,"These planets change their gates now: Moon, Venus"
event_pushopen,1710918107467000,3bfae10b-e73b-4635-904e-c0729ab7016e,3bfae10b-e73b-4635-904e-c0729ab7016e_1710918105156,/,d380cd36-d859-4896-95c8-7e17253251c8,ğŸŒš Planetary Transits Change!,humanify://home/tabs/main/transits,These planets change their gates now: Moon
event_pushopen,1710918019730000,b45ce4e3-048e-46ec-92d9-168bb239e29f,b45ce4e3-048e-46ec-92d9-168bb239e29f_1710918016804,/,a9401794-070f-4270-9d26-90aa4cd35821,ğŸŒš Planetary Transits Change!,humanify://home/tabs/main/transits,These planets change their gates now: Moon
event_pushopen,1710866952630000,4034ee97-d706-48f2-8e38-45f3c7924dfb,4034ee97-d706-48f2-8e38-45f3c7924dfb_1710866951290,/,dd608e47-5d03-417f-8213-137f2c424976,Your bodygraph â­ï¸,humanify://deeplink/bodygraph,"It will show your key characteristics, qualities and personal energy"
event_pushopen,1710921625258000,ca37a4ee-2639-471c-9dfe-9d466abb504b,ca37a4ee-2639-471c-9dfe-9d466abb504b_1710921625079,/,53ee47ef-6390-48ef-9856-6238852efa2d,ğŸ’Œ Peek Inside!,humanify://deeplink/stories/daily_tip,Your Daily Tip is Waiting! ğŸŒŸ
event_pushopen,1710921615599000,8e7d8652-a7cc-41b0-b74f-a265d5c92579,8e7d8652-a7cc-41b0-b74f-a265d5c92579_1710921613638,/,ca1ff8f5-74d2-472b-8399-54a92710b03e,ğŸŒš Planetary Transits Change!,humanify://home/tabs/main/transits,These planets change their gates now: Moon
event_pushopen,1710922090555000,130451ad-7b27-4045-904e-865f7e7a4c28,130451ad-7b27-4045-904e-865f7e7a4c28_1710922088645,/,45b66f57-e2a8-43bc-81be-1b0e94f77a21,ğŸŒš Planetary Transits Change!,humanify://home/tabs/main/transits,These planets change their gates now: Moon
event_pushopen,1710921633486000,45797e1f-0353-439a-979d-d72e871a2560,45797e1f-0353-439a-979d-d72e871a2560_1710921631836,/,35b72fdc-c493-4ec1-af73-b0a0a9060b36,ğŸŒš Planetary Transits Change!,humanify://home/tabs/main/transits,These planets change their gates now: Moon
event_pushopen,1708696951889000,cb8843ee-fc8c-4bc6-9cee-eb22f556ed8a,cb8843ee-fc8c-4bc6-9cee-eb22f556ed8a_1708696950429,/,7c8eb789-e619-4122-980b-4d1d4539cc40,ğŸ¤¯ Mind-Blowing Fact Alert!,humanify://deeplink/stories/fact,Slow Down & Absorb! ğŸ“š
event_pushopen,1710921725640000,eaba1ae1-1159-4db9-95de-99ee859f4c3f,eaba1ae1-1159-4db9-95de-99ee859f4c3f_1710921724245,/,d6716eec-4685-491c-bedb-35555ab73965,ğŸŒš Planetary Transits Change!,humanify://home/tabs/main/transits,These planets change their gates now: Moon
event_pushopen,1710921614791000,cb77f9c4-6015-4226-848c-6b736439a2e4,cb77f9c4-6015-4226-848c-6b736439a2e4_1710921613232,/,cc08b9a0-38cc-44e0-bef3-9ee122fe27bc,ğŸŒš Planetary Transits Change!,humanify://home/tabs/main/transits,These planets change their gates now: Moon
event_pushopen,1710923265428000,b0ac812e-c0c3-4ea6-bfc5-4e6df3284d02,b0ac812e-c0c3-4ea6-bfc5-4e6df3284d02_1710923264052,/,a9401794-070f-4270-9d26-90aa4cd35821,ğŸŒš Planetary Transits Change!,humanify://home/tabs/main/transits,These planets change their gates now: Moon
event_pushopen,1710921607009000,a757f031-2597-43fa-a629-a3983b5cf1bb,a757f031-2597-43fa-a629-a3983b5cf1bb_1710921605522,/,8d05e25d-8b13-4d59-966e-7b22ce135990,ğŸŒš Cambios en los trÃ¡nsitos planetarios,humanify://home/tabs/main/transits,Estos planetas estÃ¡n cambiando sus puertas ahora: Luna
event_pushopen,1710921797342000,08c55ffb-895a-4e2c-ba97-d8ab0d72468d,08c55ffb-895a-4e2c-ba97-d8ab0d72468d_1710921796075,/,f281bd2c-31d8-4053-9cbe-a5ae3fb133d0,ğŸŒš Planetary Transits Change!,humanify://home/tabs/main/transits,These planets change their gates now: Moon
event_pushopen,1710921707542000,63f7f5d2-19d2-4557-ae1b-0b2f312b396f,63f7f5d2-19d2-4557-ae1b-0b2f312b396f_1710921706129,/,4ff66482-5bdc-45c5-80e9-8ea328c245b0,ğŸŒš Planetary Transits Change!,humanify://home/tabs/main/transits,These planets change their gates now: Moon
event_pushopen,1710921638482000,1b63ea8c-91b7-4149-9ee6-f85eff6c3168,1b63ea8c-91b7-4149-9ee6-f85eff6c3168_1710921637386,/,45b66f57-e2a8-43bc-81be-1b0e94f77a21,ğŸŒš Planetary Transits Change!,humanify://home/tabs/main/transits,These planets change their gates now: Moon
event_pushopen,1710921617067000,59a27ced-36e0-4267-8599-4cc4850ab307,59a27ced-36e0-4267-8599-4cc4850ab307_1710921615695,/,e8611ff8-befc-4bda-814a-ea450d877bed,ğŸŒš Cambios en los trÃ¡nsitos planetarios,humanify://home/tabs/main/transits,Estos planetas estÃ¡n cambiando sus puertas ahora: Luna
event_pushopen,1710921967505000,e718af67-9e89-4ae0-aade-a01236b07f2c,e718af67-9e89-4ae0-aade-a01236b07f2c_1710921967469,/,d6716eec-4685-491c-bedb-35555ab73965,ğŸŒš Planetary Transits Change!,humanify://home/tabs/main/transits,These planets change their gates now: Moon
event_pushopen,1710925206332000,092e9021-255e-4e53-bff4-1a8c9d63037b,092e9021-255e-4e53-bff4-1a8c9d63037b_1710925204890,/,f281bd2c-31d8-4053-9cbe-a5ae3fb133d0,ğŸŒš Planetary Transits Change!,humanify://home/tabs/main/transits,These planets change their gates now: Moon
event_pushopen,1709647331887000,6ede42c0-2857-452f-abda-b0e0bdc073e1,6ede42c0-2857-452f-abda-b0e0bdc073e1_1709647328549,/,560b92b0-bac5-48e4-b965-5558dcf4c570,ğŸ¤¯ Mind-Blowing Fact Alert!,humanify://deeplink/stories/fact,Slow Down & Absorb! ğŸ“š
event_pushopen,1710926584945000,3182935d-a995-4bf0-979b-f7626bc66452,3182935d-a995-4bf0-979b-f7626bc66452_1710926583353,/,d380cd36-d859-4896-95c8-7e17253251c8,ğŸŒš Planetary Transits Change!,humanify://home/tabs/main/transits,These planets change their gates now: Moon
event_pushopen,1710925231528000,daef8c28-7eca-459e-a4e8-30824742d67d,daef8c28-7eca-459e-a4e8-30824742d67d_1710925222445,/,53ee47ef-6390-48ef-9856-6238852efa2d,ğŸ’Œ Peek Inside!,humanify://deeplink/stories/daily_tip,Your Daily Tip is Waiting! ğŸŒŸ
event_pushopen,1710927129224000,0bc838ee-3279-47ee-85e4-cd351d759011,0bc838ee-3279-47ee-85e4-cd351d759011_1710927127619,/,f281bd2c-31d8-4053-9cbe-a5ae3fb133d0,ğŸŒš Planetary Transits Change!,humanify://home/tabs/main/transits,These planets change their gates now: Moon
event_pushopen,1706662899434000,e2853d9f-3080-427b-aa88-f23153240fb0,e2853d9f-3080-427b-aa88-f23153240fb0_1706662897275,/,15e7608e-cf13-4c9e-9728-c8bddb5a28d8,ğŸŒš Planetary Transits Change!,humanify://home/tabs/main/transits,"These planets change their gates now: Moon, Mercury"
event_pushopen,1709629209628000,e2853d9f-3080-427b-aa88-f23153240fb0,e2853d9f-3080-427b-aa88-f23153240fb0_1709629207206,/,044be0ce-e27f-474f-951b-8995b1fab52b,ğŸ¤” Unlock Your Mind!,humanify://deeplink/stories/question,New Question Alert! ğŸš¨
event_pushopen,1710927450479000,6e05b20e-1571-413f-a894-6810087cb3f5,6e05b20e-1571-413f-a894-6810087cb3f5_1710927448170,/,4ff66482-5bdc-45c5-80e9-8ea328c245b0,ğŸŒš Planetary Transits Change!,humanify://home/tabs/main/transits,These planets change their gates now: Moon
event_pushopen,1710925807218000,791d1eb6-06af-443b-9440-23b0e2d7cf69,791d1eb6-06af-443b-9440-23b0e2d7cf69_1710925805956,/,02e0df6a-574d-446d-8cb3-b4d340d0bb46,ğŸŒš Planetary Transits Change!,humanify://home/tabs/main/transits,These planets change their gates now: Moon
event_pushopen,1710925352347000,079bcc5d-cc69-4b33-bf63-2bc0ed02a9cc,079bcc5d-cc69-4b33-bf63-2bc0ed02a9cc_1710925351108,/,f281bd2c-31d8-4053-9cbe-a5ae3fb133d0,ğŸŒš Planetary Transits Change!,humanify://home/tabs/main/transits,These planets change their gates now: Moon
event_pushopen,1710925215446000,3421c85b-ea98-478f-a1a9-e6b68382b2f1,3421c85b-ea98-478f-a1a9-e6b68382b2f1_1710925214247,/,d380cd36-d859-4896-95c8-7e17253251c8,ğŸŒš Planetary Transits Change!,humanify://home/tabs/main/transits,These planets change their gates now: Moon
